lost_report_id,found_report_id,lost_item_name,found_item_name,image_similarity,text_similarity,category_similarity,colour_similarity,brand_similarity,location_similarity,date_similarity,actual_match
25,27,Silver Hp laptop,silver Hp laptop,0.828288,0.742626,1,1,0.363636,0,0.9,0
25,26,Silver Hp laptop,silver Hp laptop,0.537255,0.744628,1,1,0.363636,0,0.7,1
25,24,Silver Hp laptop,blue dark  headphones,0.368015,0,0,0,0.153846,0,0.7,0
25,22,Silver Hp laptop,black blue stripe umbrella,0.402022,0,0,0,0,0,0.9,0
25,20,Silver Hp laptop,gold watch,0.36029,0,0,0,0.222222,0,1,0
25,18,Silver Hp laptop,dark wallet,0.508283,0.040449,0,0,0,0,1,0
25,17,Silver Hp laptop,silver 3 keys,0.288988,0.134255,0,1,0,0,1,0
25,16,Silver Hp laptop,gold naviforce watch,0.302911,0,0,0,0.222222,0,0.9,0
25,15,Silver Hp laptop,green nike bottle,0.3489,0,0,0,0,0,0.9,0
25,14,Silver Hp laptop,blue aqua bottle,0.246538,0,0,0,0.153846,0,0.9,0
25,13,Silver Hp laptop,4 bunch keys,0.343661,0,0,0.8,0,0,0.9,0
25,12,Silver Hp laptop,Iphone 12,0.504,0,0,0,0.266667,0,0.9,0
25,4,Silver Hp laptop,Nike backpack,0.367762,0,0,0,0,0,0.9,0
25,3,Silver Hp laptop,Iphone 12,0.365875,0,0,0,0.266667,0,0.9,0
25,2,Silver Hp laptop,Dark Backpack,0.28977,0.046586,0,0,0.133333,0,0.9,0
23,27,blue headphones,silver Hp laptop,0.307955,0.050583,0,0,0,1,0.9,0
23,26,blue headphones,silver Hp laptop,0.34774,0.046969,0,0,0,1,0.7,0
23,24,blue headphones,blue dark  headphones,0.681703,0.504411,1,0.8,1,1,0.7,1
23,22,blue headphones,black blue stripe umbrella,0.261351,0.107768,0,0,0,0.75,0.9,0
23,20,blue headphones,gold watch,0.376388,0,0,0,0.307692,0,1,0
23,18,blue headphones,dark wallet,0.276333,0.015574,0,0,0,0,1,0
23,17,blue headphones,silver 3 keys,0.3102,0.051691,0,0,0,0,1,0
23,16,blue headphones,gold naviforce watch,0.317101,0,0,0,0.307692,0,0.9,0
23,15,blue headphones,green nike bottle,0.405243,0,0,0,0.25,0,0.9,0
23,14,blue headphones,blue aqua bottle,0.256088,0.159031,0,1,0,0,0.9,0
23,13,blue headphones,4 bunch keys,0.295998,0,0,0,0,0,0.9,0
23,12,blue headphones,Iphone 12,0.264297,0,0,0,0.4,0,0.9,0
23,4,blue headphones,Nike backpack,0.441339,0,0,0,0.25,0,0.9,0
23,3,blue headphones,Iphone 12,0.309614,0,0,0,0.4,0,0.9,0
23,2,blue headphones,Dark Backpack,0.372482,0.017937,0,0,0.2,0,0.9,0
21,27,black umbrella,silver Hp laptop,0.322754,0.012415,0,0,0,0.75,0.9,0
21,26,black umbrella,silver Hp laptop,0.274043,0.011593,0,0,0,0.75,0.7,0
21,24,black umbrella,blue dark  headphones,0.310786,0.103089,0,0,0,0.75,0.7,0
21,22,black umbrella,black blue stripe umbrella,0.803294,0.519381,1,1,0.5,1,0.9,1
21,20,black umbrella,gold watch,0.299803,0,0,0,0,0,1,0
21,18,black umbrella,dark wallet,0.385482,0,0,0,0,0,1,0
21,17,black umbrella,silver 3 keys,0.319657,0,0,0,0.5,0,1,0
21,16,black umbrella,gold naviforce watch,0.344549,0,0,0,0,0,0.9,0
21,15,black umbrella,green nike bottle,0.329981,0,0,0,0,0,0.9,0
21,14,black umbrella,blue aqua bottle,0.25111,0.051288,0,0,0,0,0.9,0
21,13,black umbrella,4 bunch keys,0.43768,0,0,0,0.5,0,0.9,0
21,12,black umbrella,Iphone 12,0.240444,0,0,0,0,0,0.9,0
21,4,black umbrella,Nike backpack,0.288288,0.062122,0,1,0,0,0.9,0
21,3,black umbrella,Iphone 12,0.302483,0,0,0,0,0,0.9,0
21,2,black umbrella,Dark Backpack,0.358692,0.122837,0,1,0,0,0.9,0
19,27,iphone 12 pro max,silver Hp laptop,0.37106,0,0,0,0.25,0,0.9,0
19,26,iphone 12 pro max,silver Hp laptop,0.356136,0,0,0,0.25,0,0.7,0
19,24,iphone 12 pro max,blue dark  headphones,0.324649,0.051772,0,0,0.4,0,0.7,0
19,22,iphone 12 pro max,black blue stripe umbrella,0.305029,0.010582,0,0,0,0,0.9,0
19,20,iphone 12 pro max,gold watch,0.329592,0,0,0,0.4,0,1,0
19,18,iphone 12 pro max,dark wallet,0.371426,0.076627,0,0,0.181818,0,1,0
19,17,iphone 12 pro max,silver 3 keys,0.307592,0.012193,0,0,0,0,1,0
19,16,iphone 12 pro max,gold naviforce watch,0.377981,0,0,0,0.4,0,0.9,0
19,15,iphone 12 pro max,green nike bottle,0.324291,0.094872,0,0.8,0.4,1,0.9,0
19,14,iphone 12 pro max,blue aqua bottle,0.244735,0.026876,0,0,0,1,0.9,0
19,13,iphone 12 pro max,4 bunch keys,0.339488,0.040349,0,0,0,1,0.9,0
19,12,iphone 12 pro max,Iphone 12,0.605679,0.548284,1,0.8,1,1,0.9,1
19,4,iphone 12 pro max,Nike backpack,0.401644,0.028771,0,0,0.4,0,0.9,0
19,3,iphone 12 pro max,Iphone 12,0.509942,0.423322,1,0.8,1,1,0.9,1
19,2,iphone 12 pro max,Dark Backpack,0.368146,0.027572,0,0,0.166667,0,0.9,0
11,27,black calculator,silver Hp laptop,0.503303,0,0,0,0,0,0.7,0
11,26,black calculator,silver Hp laptop,0.403828,0,0,0,0,0,0.7,0
11,24,black calculator,blue dark  headphones,0.323653,0,0,0,0.222222,0,0.7,0
11,22,black calculator,black blue stripe umbrella,0.265095,0.141017,0,1,0,0,0.7,0
11,20,black calculator,gold watch,0.350785,0.015574,0,0,0.142857,1,0.9,0
11,18,black calculator,dark wallet,0.387818,0.015574,0,0,0.4,1,0.9,0
11,17,black calculator,silver 3 keys,0.242252,0.016076,0,0,0,1,0.9,0
11,16,black calculator,gold naviforce watch,0.325148,0.01331,0,0,0.142857,1,1,0
11,15,black calculator,green nike bottle,0.302597,0,0,0,0.222222,0,1,0
11,14,black calculator,blue aqua bottle,0.298135,0,0,0,0.222222,0,1,0
11,13,black calculator,4 bunch keys,0.272105,0,0,0,0,0,1,0
11,12,black calculator,Iphone 12,0.387386,0,0,0,0.363636,0,1,0
11,4,black calculator,Nike backpack,0.359053,0.059907,0,1,0.222222,0,1,0
11,3,black calculator,Iphone 12,0.32662,0,0,0,0.363636,0,1,0
11,2,black calculator,Dark Backpack,0.381681,0.14093,0,1,0.363636,1,1,0
10,27,gold watch,silver Hp laptop,0.306349,0,0,0,0,0,0.7,0
10,26,gold watch,silver Hp laptop,0.343092,0,0,0,0,0,0.7,0
10,24,gold watch,blue dark  headphones,0.324864,0,0,0,0.307692,0,0.7,0
10,22,gold watch,black blue stripe umbrella,0.345421,0,0,0,0,0,0.7,0
10,20,gold watch,gold watch,0.487952,0.739242,1,1,1,1,0.9,0
10,18,gold watch,dark wallet,0.346614,0.015574,0,0,0.142857,1,0.9,0
10,17,gold watch,silver 3 keys,0.356918,0.016076,0,0,0,1,0.9,0
10,16,gold watch,gold naviforce watch,1,0.601734,1,1,1,1,1,1
10,15,gold watch,green nike bottle,0.335311,0,0,0,0.461538,0,1,0
10,14,gold watch,blue aqua bottle,0.271099,0,0,0,0.153846,0,1,0
10,13,gold watch,4 bunch keys,0.333266,0,0,0,0,0,1,0
10,12,gold watch,Iphone 12,0.36498,0,0,0,0.266667,0,1,0
10,4,gold watch,Nike backpack,0.424722,0,0,0,0.461538,0,1,0
10,3,gold watch,Iphone 12,0.378137,0,0,0,0.266667,0,1,0
10,2,gold watch,Dark Backpack,0.399089,0.017937,0,0,0.266667,1,1,0
9,27,blue bottle,silver Hp laptop,0.271639,0,0,0,0,0,0.7,0
9,26,blue bottle,silver Hp laptop,0.244561,0,0,0,0,0,0.7,0
9,24,blue bottle,blue dark  headphones,0.33095,0.199319,0,0.8,0,0,0.7,0
9,22,blue bottle,black blue stripe umbrella,0.207585,0.094353,0,0,0,0,0.7,0
9,20,blue bottle,gold watch,0.314364,0.016076,0,0,0.153846,1,0.9,0
9,18,blue bottle,dark wallet,0.188686,0.016076,0,0,0.222222,1,0.9,0
9,17,blue bottle,silver 3 keys,0.333493,0.016595,0,0,0,1,0.9,0
9,16,blue bottle,gold naviforce watch,0.271099,0.013739,0,0,0.153846,1,1,0
9,15,blue bottle,green nike bottle,0.59199,0.166844,1,0,0,0,1,0
9,14,blue bottle,blue aqua bottle,1,0.631268,1,1,1,0,1,1
9,13,blue bottle,4 bunch keys,0.304926,0,0,0,0,0,1,0
9,12,blue bottle,Iphone 12,0.239478,0,0,0,0,0,1,0
9,4,blue bottle,Nike backpack,0.28249,0,0,0,0,0,1,0
9,3,blue bottle,Iphone 12,0.21759,0,0,0,0,0,1,0
9,2,blue bottle,Dark Backpack,0.268545,0.018515,0,0,0.4,1,1,0
8,27,silver key,silver Hp laptop,0.326726,0.148755,0,1,0,0,0.7,0
8,26,silver key,silver Hp laptop,0.303562,0.13822,0,1,0,0,0.7,0
8,24,silver key,blue dark  headphones,0.412557,0,0,0,0,0,0.7,0
8,22,silver key,black blue stripe umbrella,0.296888,0,0,0,0.5,0,0.7,0
8,20,silver key,gold watch,0.362126,0.018717,0,0,0,1,0.9,0
8,18,silver key,dark wallet,0.345214,0.084212,0,0,0,1,0.9,0
8,17,silver key,silver 3 keys,0.598082,0.516278,1,1,0.5,1,0.9,1
8,16,silver key,gold naviforce watch,0.354982,0.015996,0,0,0,1,1,0
8,15,silver key,green nike bottle,0.459494,0,0,0,0,0,1,0
8,14,silver key,blue aqua bottle,0.394786,0,0,0,0,0,1,0
8,13,silver key,4 bunch keys,0.543056,0.13948,1,0.8,0.5,0,1,0
8,12,silver key,Iphone 12,0.285026,0,0,0,0,0,1,0
8,4,silver key,Nike backpack,0.345403,0,0,0,0,0,1,0
8,3,silver key,Iphone 12,0.325307,0,0,0,0,0,1,0
8,2,silver key,Dark Backpack,0.365923,0.097233,0,0,0,1,1,0
7,27,black wallet,silver Hp laptop,0.435929,0.037464,0,0,0,0,0.7,0
7,26,black wallet,silver Hp laptop,0.302161,0.034811,0,0,0,0,0.7,0
7,24,black wallet,blue dark  headphones,0.298023,0,0,0,0,0,0.7,0
7,22,black wallet,black blue stripe umbrella,0.328935,0.141017,0,1,0,0,0.7,0
7,20,black wallet,gold watch,0.279998,0,0,0,0.142857,0,0.9,0
7,18,black wallet,dark wallet,0.794807,0.296701,1,0,1,0,0.9,1
7,17,black wallet,silver 3 keys,0.309475,0.051691,0,0,0,0,0.9,0
7,16,black wallet,gold naviforce watch,0.361151,0,0,0,0.142857,0,1,0
7,15,black wallet,green nike bottle,0.290458,0,0,0,0.222222,0,1,0
7,14,black wallet,blue aqua bottle,0.215217,0,0,0,0.222222,0,1,0
7,13,black wallet,4 bunch keys,0.313135,0,0,0,0,0,1,0
7,12,black wallet,Iphone 12,0.338682,0,0,0,0.181818,0,1,0
7,4,black wallet,Nike backpack,0.437903,0.059907,0,1,0.222222,0.75,1,0
7,3,black wallet,Iphone 12,0.499405,0,0,0,0.181818,0,1,0
7,2,black wallet,Dark Backpack,0.431829,0.188651,0,1,0.181818,0,1,0
6,27,black wallet,silver Hp laptop,0.435929,0.037464,0,0,0,0,0.7,0
6,26,black wallet,silver Hp laptop,0.302161,0.034811,0,0,0,0,0.7,0
6,24,black wallet,blue dark  headphones,0.298023,0,0,0,0,0,0.7,0
6,22,black wallet,black blue stripe umbrella,0.328935,0.141017,0,1,0,0,0.7,0
6,20,black wallet,gold watch,0.279998,0,0,0,0.142857,0,0.9,0
6,18,black wallet,dark wallet,0.794807,0.296701,1,0,1,0,0.9,1
6,17,black wallet,silver 3 keys,0.309475,0.051691,0,0,0,0,0.9,0
6,16,black wallet,gold naviforce watch,0.361151,0,0,0,0.142857,0,1,0
6,15,black wallet,green nike bottle,0.290458,0,0,0,0.222222,0,1,0
6,14,black wallet,blue aqua bottle,0.215217,0,0,0,0.222222,0,1,0
6,13,black wallet,4 bunch keys,0.313135,0,0,0,0,0,1,0
6,12,black wallet,Iphone 12,0.338682,0,0,0,0.181818,0,1,0
6,4,black wallet,Nike backpack,0.437903,0.059907,0,1,0.222222,0.75,1,0
6,3,black wallet,Iphone 12,0.499405,0,0,0,0.181818,0,1,0
6,2,black wallet,Dark Backpack,0.431829,0.188651,0,1,0.181818,0,1,0
5,27,Black Backpack,silver Hp laptop,0,0.040006,0,0,0,0,0.7,0
5,26,Black Backpack,silver Hp laptop,0,0.037173,0,0,0,0,0.7,0
5,24,Black Backpack,blue dark  headphones,0,0,0,0,0.2,0,0.7,0
5,22,Black Backpack,black blue stripe umbrella,0,0.152069,0,1,0,0,0.7,0
5,20,Black Backpack,gold watch,0,0.016631,0,0,0.266667,1,0.9,0
5,18,Black Backpack,dark wallet,0,0.069933,0,0,0.181818,1,0.9,0
5,17,Black Backpack,silver 3 keys,0,0.074944,0,0,0,1,0.9,0
5,16,Black Backpack,gold naviforce watch,0,0.014213,0,0,0.266667,1,1,0
5,15,Black Backpack,green nike bottle,0,0,0,0,0.2,0,1,0
5,14,Black Backpack,blue aqua bottle,0,0,0,0,0.4,0,1,0
5,13,Black Backpack,4 bunch keys,0,0,0,0,0,0,1,0
5,12,Black Backpack,Iphone 12,0,0,0,0,0.166667,0,1,0
5,4,Black Backpack,Nike backpack,0,0.221787,1,1,0.2,0,1,0
5,3,Black Backpack,Iphone 12,0,0,0,0,0.166667,0,1,0
5,2,Black Backpack,Dark Backpack,0,0.768564,1,1,1,1,1,1
1,27,Black Backpack,silver Hp laptop,0.341825,0.038672,0,0,0,0,0.7,0
1,26,Black Backpack,silver Hp laptop,0.314953,0.035934,0,0,0,0,0.7,0
1,24,Black Backpack,blue dark  headphones,0.411051,0,0,0,0.2,0,0.7,0
1,22,Black Backpack,black blue stripe umbrella,0.360462,0.146231,0,1,0,0,0.7,0
1,20,Black Backpack,gold watch,0.374032,0.016076,0,0,0.266667,1,0.9,0
1,18,Black Backpack,dark wallet,0.462948,0.032665,0,0,0.181818,1,0.9,0
1,17,Black Backpack,silver 3 keys,0.330725,0.072404,0,0,0,1,0.9,0
1,16,Black Backpack,gold naviforce watch,0.425115,0.013739,0,0,0.266667,1,1,0
1,15,Black Backpack,green nike bottle,0.395797,0,0,0,0.2,0,1,0
1,14,Black Backpack,blue aqua bottle,0.269214,0,0,0,0.4,0,1,0
1,13,Black Backpack,4 bunch keys,0.320494,0,0,0,0,0,1,0
1,12,Black Backpack,Iphone 12,0.382093,0,0,0,0.166667,0,1,0
1,4,Black Backpack,Nike backpack,0.60113,0.212178,1,1,0.2,0,1,0
1,3,Black Backpack,Iphone 12,0.405095,0,0,0,0.166667,0,1,0
1,2,Black Backpack,Dark Backpack,0.756457,0.62146,1,1,1,1,1,1
